Customer,Salesperson,Total,Invoice Status,order_date_year,order_date_month,order_date_day,order_date_day_of_week,order_date_hour,order_date_is_weekend
29,0,8.570179302181305,0,2026,2,26,3,13.0,0
29,1,4.3499165807556475,0,2026,2,26,3,13.0,0
39,0,5.1298987149230735,0,2026,1,27,1,10.0,0
27,0,4.388778787496415,0,2026,1,26,0,14.0,0
27,0,8.031315432213907,0,2026,1,26,0,14.0,0
27,0,7.117259840698577,0,2026,1,26,0,14.0,0
27,0,6.824688837763826,0,2026,1,26,0,14.0,0
27,0,6.630781006207145,0,2026,1,26,0,14.0,0
27,0,7.022084356587004,0,2026,1,26,0,13.0,0
27,0,7.347990827839184,0,2026,1,26,0,13.0,0
27,0,7.038834417287323,0,2026,1,26,0,13.0,0
27,0,7.101250840077673,0,2026,1,26,0,13.0,0
27,0,7.353713367491347,0,2026,1,26,0,13.0,0
27,0,7.888272983467661,0,2026,1,26,0,13.0,0
27,0,7.2661280807441875,0,2026,1,26,0,13.0,0
27,0,6.819542453269221,0,2026,1,26,0,13.0,0
25,1,8.570179302181305,0,2026,1,26,0,13.0,0
87,1,8.570179302181305,0,2026,1,26,0,11.0,0
67,1,8.570179302181305,0,2026,1,26,0,11.0,0
60,1,5.978252653135751,0,2026,1,26,0,11.0,0
46,0,7.296534617343088,0,2026,1,26,0,10.0,0
70,1,8.475413446733015,0,2026,1,26,0,10.0,0
82,1,7.767898850233291,0,2026,1,26,0,10.0,0
27,0,5.0294832174416,0,2026,1,24,5,17.0,0
27,0,4.93270258103983,0,2026,1,24,5,17.0,0
83,1,6.976301384017152,0,2026,1,24,5,10.0,0
79,0,7.4114052189990325,0,2026,1,24,5,10.0,0
63,0,6.8559650190223875,0,2026,1,24,5,10.0,0
83,1,6.75864603639428,0,2026,1,24,5,9.0,0
39,0,5.065754593317335,0,2026,1,23,4,13.0,0
1,0,7.1105124326394025,0,2026,1,23,4,10.0,0
52,0,7.595232415178949,0,2026,1,23,4,10.0,0
29,0,4.996671587078869,0,2026,1,22,3,18.0,0
29,0,5.922650231107622,0,2026,1,22,3,18.0,0
29,0,7.844326955113222,0,2026,1,22,3,17.0,0
29,0,8.446150363059873,0,2026,1,22,3,17.0,0
29,0,8.239131362341448,0,2026,1,22,3,17.0,0
29,0,8.307659109718086,0,2026,1,22,3,17.0,0
29,0,4.785823685681349,0,2026,1,22,3,17.0,0
29,0,8.201306412854132,0,2026,1,22,3,16.0,0
29,0,5.531807209916391,0,2026,1,22,3,16.0,0
25,0,8.570179302181305,0,2026,1,22,3,13.0,0
19,0,8.570179302181305,0,2026,1,22,3,11.0,0
29,0,4.812184355372417,0,2026,1,22,3,11.0,0
29,0,4.7063720664970585,0,2026,1,22,3,11.0,0
53,0,7.549944372124292,0,2026,1,22,3,10.0,0
29,2,5.673013940984565,0,2026,1,22,3,9.0,0
29,2,5.915123313851259,0,2026,1,22,3,9.0,0
29,2,5.621849091893515,0,2026,1,22,3,9.0,0
29,2,5.483551344789026,0,2026,1,22,3,4.0,0
29,2,5.802480847440477,0,2026,1,21,2,23.0,0
29,0,8.086693312188148,0,2026,1,21,2,19.0,0
22,0,5.102886253800363,0,2026,1,21,2,12.0,0
77,0,7.808529042988646,0,2026,1,21,2,10.0,0
91,0,7.750086827632948,0,2026,1,21,2,10.0,0
43,0,8.055475141757274,0,2026,1,20,1,18.0,0
53,0,7.775251066675436,0,2026,1,20,1,17.0,0
25,0,8.570179302181305,0,2026,1,20,1,13.0,0
47,0,8.264533029470405,0,2026,1,20,1,11.0,0
47,0,8.570179302181305,0,2026,1,20,1,11.0,0
40,0,8.418315836802336,0,2026,1,20,1,10.0,0
80,1,6.160151912626133,0,2026,1,20,1,10.0,0
90,0,6.845560675389019,0,2026,1,20,1,10.0,0
57,0,7.437706830546604,0,2026,1,20,1,10.0,0
48,1,6.160151912626133,0,2026,1,20,1,10.0,0
83,1,8.104250193452113,0,2026,1,20,1,10.0,0
39,0,5.065754593317335,0,2026,1,19,0,14.0,0
37,0,8.570179302181305,0,2026,1,17,5,16.0,0
87,1,8.570179302181305,0,2026,1,17,5,13.0,0
94,1,7.4542314041192785,0,2026,1,17,5,13.0,0
27,0,5.925733314973349,0,2026,1,17,5,12.0,0
32,0,7.100249914096429,0,2026,1,17,5,12.0,0
4,1,8.570179302181305,0,2026,1,17,5,11.0,0
54,0,7.400880164933768,0,2026,1,17,5,10.0,0
27,0,7.080289933234456,0,2026,1,16,4,19.0,0
34,0,4.484131857611035,0,2026,1,16,4,16.0,0
25,0,8.570179302181305,0,2026,1,16,4,16.0,0
39,0,6.0965225170034545,0,2026,1,16,4,14.0,0
29,0,5.193456725931862,0,2026,1,16,4,12.0,0
29,0,8.272356026016771,0,2026,1,16,4,12.0,0
29,0,7.886017489958992,0,2026,1,16,4,12.0,0
81,0,7.444820415831738,0,2026,1,16,4,10.0,0
15,0,5.978252653135751,0,2026,1,16,4,10.0,0
68,0,8.570179302181305,0,2026,1,15,3,18.0,0
40,0,7.914231445192091,0,2026,1,15,3,18.0,0
40,0,8.570179302181305,0,2026,1,15,3,16.0,0
65,1,6.5805892053865005,0,2026,1,15,3,16.0,0
15,0,7.407960101179694,0,2026,1,15,3,12.0,0
84,0,5.566816619583044,0,2026,1,15,3,12.0,0
14,1,5.978252653135751,0,2026,1,15,3,12.0,0
65,1,0.0,0,2026,1,15,3,11.0,0
5,0,8.570179302181305,0,2026,1,14,2,16.0,0
5,0,7.38735397796348,0,2026,1,14,2,16.0,0
92,0,5.94085522928144,0,2026,1,14,2,16.0,0
56,0,7.921989085186256,0,2026,1,14,2,16.0,0
56,0,8.414777889909693,0,2026,1,14,2,16.0,0
14,1,6.143359112393133,0,2026,1,14,2,16.0,0
13,0,6.803455311854965,0,2026,1,14,2,15.0,0
92,0,5.585149077544979,0,2026,1,14,2,15.0,0
92,0,5.145923475995771,0,2026,1,14,2,15.0,0
20,0,7.640789296939185,0,2026,1,14,2,14.0,0
7,0,6.447256732966705,0,2026,1,14,2,14.0,0
87,1,6.251957831614306,0,2026,1,14,2,14.0,0
19,1,8.570179302181305,0,2026,1,14,2,14.0,0
72,0,7.74197658410777,0,2026,1,14,2,14.0,0
51,0,6.3219546406230736,0,2026,1,14,2,14.0,0
45,0,7.338777666399045,0,2026,1,14,2,14.0,0
79,0,8.348377537919536,0,2026,1,14,2,14.0,0
66,0,7.956766524807548,0,2026,1,14,2,14.0,0
39,0,5.770584058135404,0,2026,1,14,2,14.0,0
87,1,7.235246593293278,0,2026,1,14,2,14.0,0
58,0,7.680479982110726,0,2026,1,14,2,14.0,0
2,0,6.139992305041402,0,2026,1,14,2,14.0,0
3,0,7.183324283550116,0,2026,1,14,2,14.0,0
14,1,6.885127183808351,0,2026,1,14,2,13.0,0
2,0,6.601914666980944,0,2026,1,14,2,13.0,0
63,0,7.072613570038675,0,2026,1,14,2,13.0,0
53,0,8.030872845621413,0,2026,1,14,2,13.0,0
75,0,8.570179302181305,0,2026,1,14,2,12.0,0
75,0,8.570179302181305,0,2026,1,14,2,11.0,0
65,0,8.570179302181305,0,2026,1,14,2,11.0,0
47,0,8.570179302181305,0,2026,1,14,2,11.0,0
47,0,8.570179302181305,0,2026,1,14,2,11.0,0
47,0,8.570179302181305,0,2026,1,14,2,11.0,0
47,0,8.570179302181305,0,2026,1,14,2,11.0,0
12,0,6.852242569051878,0,2026,1,14,2,10.0,0
27,0,6.1948848679739985,0,2026,1,12,0,15.0,0
27,0,4.091824723426633,0,2026,1,12,0,15.0,0
68,0,6.845560675389019,0,2026,1,12,0,9.0,0
50,0,6.314000842300227,0,2026,1,12,0,9.0,0
27,0,7.885789253841534,0,2026,1,10,5,17.0,0
22,0,0.0,0,2026,1,10,5,17.0,0
65,1,8.570179302181305,0,2026,1,10,5,17.0,0
25,0,8.570179302181305,0,2026,1,10,5,16.0,0
25,0,8.570179302181305,0,2026,1,10,5,15.0,0
27,0,5.614656135437122,0,2026,1,10,5,14.0,0
29,0,8.233896157282183,0,2026,1,10,5,14.0,0
27,0,5.526468359672785,0,2026,1,10,5,14.0,0
27,0,7.134624680687391,0,2026,1,10,5,14.0,0
27,0,6.326913045602378,0,2026,1,10,5,14.0,0
27,0,7.406553462195408,0,2026,1,10,5,14.0,0
27,0,6.492642784128604,0,2026,1,10,5,14.0,0
83,1,6.670132406403093,0,2026,1,10,5,12.0,0
48,1,6.447305862541213,0,2026,1,10,5,10.0,0
39,0,5.520860737790214,0,2026,1,10,5,10.0,0
86,0,7.6831043729138635,0,2026,1,9,4,18.0,0
26,0,4.734178866551625,0,2026,1,9,4,15.0,0
18,1,5.574053367981417,0,2026,1,9,4,11.0,0
15,0,6.160151912626133,0,2026,1,9,4,10.0,0
18,1,6.504497732415973,0,2026,1,8,3,15.0,0
79,0,6.670132406403093,0,2026,1,8,3,11.0,0
27,0,7.41264934579469,0,2026,1,8,3,11.0,0
12,0,8.157928611548666,0,2026,1,7,2,16.0,0
46,0,6.447305862541213,0,2026,1,7,2,15.0,0
29,0,8.461344272754284,0,2026,1,7,2,14.0,0
29,0,8.411381462866071,0,2026,1,7,2,14.0,0
67,1,8.570179302181305,0,2026,1,7,2,10.0,0
48,1,6.160151912626133,0,2026,1,7,2,10.0,0
29,0,8.570179302181305,0,2026,1,6,1,19.0,0
25,0,8.570179302181305,0,2026,1,6,1,19.0,0
65,1,8.570179302181305,0,2026,1,6,1,11.0,0
29,0,8.098685396045546,0,2026,1,5,0,18.0,0
25,0,8.570179302181305,0,2026,1,5,0,18.0,0
26,0,4.46580466502758,0,2026,1,5,0,13.0,0
29,0,7.555936473872119,0,2026,1,3,5,17.0,0
27,0,7.595038801853322,0,2026,1,3,5,17.0,0
25,0,8.570179302181305,0,2026,1,3,5,17.0,0
27,0,7.36287493947334,0,2026,1,3,5,17.0,0
29,0,8.535180446430624,0,2026,1,3,5,17.0,0
29,0,8.570179302181305,0,2026,1,3,5,17.0,0
22,0,5.351858133476067,0,2026,1,3,5,12.0,0
18,1,7.08313613809676,0,2026,1,3,5,12.0,0
92,0,6.612578524768096,0,2026,1,3,5,11.0,0
92,0,6.670132406403093,0,2026,1,3,5,10.0,0
92,0,6.160151912626133,0,2026,1,3,5,10.0,0
26,0,5.3132158312100035,0,2026,1,2,4,17.0,0
26,0,5.384517998305885,0,2026,1,2,4,17.0,0
26,0,4.615041305783355,0,2026,1,2,4,17.0,0
26,0,4.753598811758862,0,2026,1,2,4,17.0,0
27,0,8.017292670783263,0,2026,1,2,4,16.0,0
27,0,7.141342504782065,0,2026,1,2,4,16.0,0
59,1,8.570179302181305,0,2026,1,2,4,15.0,0
29,0,8.313636557860068,0,2025,12,30,1,15.0,0
27,0,7.0078919742172605,0,2025,12,30,1,15.0,0
92,0,5.395670911803947,0,2025,12,30,1,14.0,0
92,0,4.810557015713042,0,2025,12,30,1,14.0,0
84,0,6.105462651161393,0,2025,12,30,1,14.0,0
92,0,6.7325920401864945,0,2025,12,30,1,14.0,0
48,1,6.160151912626133,0,2025,12,30,1,14.0,0
57,0,6.581055139509627,0,2025,12,30,1,14.0,0
6,0,7.342944871398695,0,2025,12,30,1,14.0,0
70,1,7.645158550796619,0,2025,12,30,1,14.0,0
39,0,5.488834415035153,0,2025,12,30,1,14.0,0
42,0,5.755742213586912,0,2025,12,30,1,14.0,0
42,0,7.02509377139937,0,2025,12,30,1,14.0,0
53,0,8.180576024293106,0,2025,12,30,1,13.0,0
74,1,7.362645270417825,0,2025,12,30,1,12.0,0
25,0,8.570179302181305,0,2025,12,30,1,11.0,0
67,1,8.570179302181305,0,2025,12,30,1,11.0,0
22,0,7.411278303557785,0,2025,12,30,1,10.0,0
22,0,6.718735338020089,0,2025,12,30,1,10.0,0
88,0,8.570179302181305,0,2025,12,27,5,15.0,0
27,0,6.629865108992825,0,2025,12,27,5,11.0,0
27,0,7.389599777619026,0,2025,12,27,5,11.0,0
26,0,4.4543240401691335,0,2025,12,27,5,10.0,0
25,0,8.570179302181305,0,2025,12,27,5,10.0,0
29,0,8.07491678518178,0,2025,12,27,5,10.0,0
28,0,4.548811452318707,0,2025,12,26,4,15.0,0
28,0,5.050003432279369,0,2025,12,26,4,15.0,0
28,0,4.808111029984782,0,2025,12,26,4,15.0,0
28,0,4.471638793363569,0,2025,12,26,4,15.0,0
28,0,4.753581570379551,0,2025,12,26,4,15.0,0
26,0,4.770684624465665,0,2025,12,26,4,15.0,0
26,0,4.043191608863481,0,2025,12,26,4,15.0,0
26,0,4.2626798770413155,0,2025,12,26,4,15.0,0
26,0,5.5641218604805,0,2025,12,26,4,15.0,0
27,0,7.35470456232051,0,2025,12,26,4,14.0,0
26,0,5.017279836814924,0,2025,12,25,3,17.0,0
26,0,4.290596418067994,0,2025,12,25,3,17.0,0
27,0,7.529605686110043,0,2025,12,25,3,16.0,0
27,0,4.609908940335265,0,2025,12,25,3,16.0,0
27,0,6.702136026249051,0,2025,12,25,3,15.0,0
29,0,8.402843505065013,0,2025,12,25,3,15.0,0
29,0,8.268885666438479,0,2025,12,25,3,15.0,0
29,0,8.250674910958773,0,2025,12,25,3,14.0,0
29,0,8.149864555037846,0,2025,12,25,3,12.0,0
92,0,6.439304044148428,0,2025,12,25,3,10.0,0
26,0,5.198508080928535,0,2025,12,24,2,19.0,0
26,0,4.043191608863481,0,2025,12,24,2,19.0,0
27,0,5.652050487565848,0,2025,12,24,2,16.0,0
27,0,7.470372842791266,0,2025,12,24,2,16.0,0
27,0,7.530436539365721,0,2025,12,24,2,14.0,0
39,0,5.566051801190121,0,2025,12,24,2,13.0,0
19,1,8.087006097786322,0,2025,12,24,2,12.0,0
47,0,6.490298558021594,0,2025,12,24,2,12.0,0
47,0,7.8487698424715395,0,2025,12,24,2,10.0,0
25,0,8.570179302181305,0,2025,12,23,1,16.0,0
53,0,8.090976143557377,0,2025,12,23,1,12.0,0
53,0,6.447305862541213,0,2025,12,23,1,12.0,0
53,0,8.570179302181305,0,2025,12,23,1,11.0,0
76,0,6.150839414217447,0,2025,12,23,1,10.0,0
82,1,7.362645270417825,0,2025,12,23,1,10.0,0
3,0,6.356801864125367,0,2025,12,23,1,10.0,0
80,1,6.160151912626133,0,2025,12,23,1,10.0,0
79,0,7.1919751148037125,0,2025,12,23,1,10.0,0
17,0,6.394518417183497,0,2025,12,22,0,12.0,0
27,0,7.024156026384821,0,2025,12,21,6,17.0,0
84,0,5.749074463847908,0,2025,12,20,5,12.0,0
26,0,4.07753744390572,0,2025,12,18,3,19.0,0
26,0,4.505349850705881,0,2025,12,18,3,18.0,0
26,0,5.049856007249537,0,2025,12,18,3,18.0,0
26,0,4.2626798770413155,0,2025,12,18,3,18.0,0
26,0,4.2626798770413155,0,2025,12,18,3,18.0,0
26,0,5.267858159063328,0,2025,12,18,3,18.0,0
26,0,4.658710952916121,0,2025,12,18,3,18.0,0
26,0,3.6506582412937387,0,2025,12,18,3,17.0,0
26,0,5.655991810819852,0,2025,12,18,3,17.0,0
26,0,4.941642422609304,0,2025,12,18,3,17.0,0
26,0,4.948759890378168,0,2025,12,18,3,17.0,0
25,0,8.570179302181305,0,2025,12,18,3,17.0,0
27,0,6.846921885374388,0,2025,12,18,3,16.0,0
29,0,8.570179302181305,0,2025,12,18,3,16.0,0
29,0,8.18282753439734,0,2025,12,18,3,16.0,0
27,0,7.601861999036783,0,2025,12,18,3,16.0,0
25,0,8.570179302181305,0,2025,12,18,3,16.0,0
27,1,6.2218617271335,0,2025,12,17,2,13.0,0
27,0,5.025523906590006,0,2025,12,17,2,13.0,0
27,0,4.77676777941907,0,2025,12,17,2,13.0,0
84,0,5.3992028843218955,0,2025,12,17,2,12.0,0
22,0,5.420534999272286,0,2025,12,17,2,12.0,0
84,0,7.130042463719138,0,2025,12,17,2,12.0,0
27,0,7.043814723389233,0,2025,12,17,2,12.0,0
11,1,7.92928851955157,0,2025,12,17,2,12.0,0
46,0,6.670132406403093,0,2025,12,17,2,10.0,0
92,0,6.068495030277401,0,2025,12,17,2,10.0,0
92,0,8.570179302181305,0,2025,12,17,2,9.0,0
92,0,7.950149887652018,0,2025,12,17,2,9.0,0
29,0,8.216871575417994,0,2025,12,16,1,18.0,0
29,0,8.570179302181305,0,2025,12,16,1,18.0,0
29,0,8.340152864346,0,2025,12,16,1,17.0,0
29,3,8.570179302181305,0,2025,12,16,1,17.0,0
68,0,7.373907752036384,0,2025,12,16,1,15.0,0
18,1,8.055475141757274,0,2025,12,16,1,11.0,0
21,0,7.78886225820181,0,2025,12,16,1,10.0,0
70,1,8.398796967798537,0,2025,12,16,1,10.0,0
57,0,6.714413218904717,0,2025,12,16,1,10.0,0
49,0,7.544861068658458,0,2025,12,16,1,10.0,0
90,0,6.521062856197256,0,2025,12,16,1,10.0,0
82,1,8.338066525518801,0,2025,12,15,0,11.0,0
25,0,8.570179302181305,0,2025,12,13,5,18.0,0
29,3,8.242095601155071,0,2025,12,13,5,17.0,0
84,3,6.682709920378331,0,2025,12,13,5,17.0,0
29,3,8.570179302181305,0,2025,12,13,5,16.0,0
84,3,7.077422101317844,0,2025,12,13,5,16.0,0
84,0,5.598421958998375,0,2025,12,13,5,13.0,0
27,3,7.560752114414867,0,2025,12,13,5,12.0,0
27,3,6.1860645806049455,0,2025,12,12,4,20.0,0
29,3,8.570179302181305,0,2025,12,12,4,20.0,0
65,1,0.0,0,2025,12,12,4,18.0,0
65,1,0.0,0,2025,12,12,4,18.0,0
53,3,5.806549630461428,0,2025,12,12,4,16.0,0
53,3,8.396021671325315,0,2025,12,12,4,15.0,0
27,3,6.904389621505835,0,2025,12,12,4,13.0,0
27,3,7.030618720825894,0,2025,12,12,4,12.0,0
27,3,5.939276115362396,0,2025,12,12,4,12.0,0
48,1,6.160151912626133,0,2025,12,12,4,10.0,0
9,3,7.1515089746001435,0,2025,12,12,4,10.0,0
36,3,8.570179302181305,0,2025,12,12,4,10.0,0
27,3,3.9989343774174424,0,2025,12,11,3,19.0,0
27,3,5.577046985101792,0,2025,12,11,3,19.0,0
27,3,6.38856140554563,0,2025,12,11,3,18.0,0
84,3,5.384449190177324,0,2025,12,11,3,13.0,0
75,3,8.570179302181305,0,2025,12,11,3,12.0,0
58,3,7.084896775734549,0,2025,12,11,3,11.0,0
52,3,8.377997788527273,0,2025,12,11,3,10.0,0
19,1,6.4702730494403555,0,2025,12,11,3,10.0,0
27,3,7.109053959038862,0,2025,12,10,2,17.0,0
27,3,6.985466039008811,0,2025,12,10,2,17.0,0
27,3,4.268857936568244,0,2025,12,10,2,16.0,0
27,3,6.887266816554801,0,2025,12,10,2,15.0,0
27,3,3.71965111278069,0,2025,12,10,2,14.0,0
27,3,5.48450643486848,0,2025,12,10,2,14.0,0
27,3,6.016035201042187,0,2025,12,9,1,19.0,0
27,3,7.137794996984188,0,2025,12,9,1,19.0,0
27,3,4.544570563859161,0,2025,12,9,1,19.0,0
27,3,6.807702872574611,0,2025,12,9,1,19.0,0
27,3,7.406953566507148,0,2025,12,9,1,18.0,0
47,3,7.444833273892193,0,2025,12,9,1,16.0,0
47,3,6.234802805707711,0,2025,12,9,1,16.0,0
92,3,6.305435518382681,0,2025,12,9,1,15.0,0
84,3,5.613091609371697,0,2025,12,9,1,10.0,0
87,1,5.744060321154771,0,2025,12,9,1,10.0,0
12,3,7.006242225696791,0,2025,12,9,1,10.0,0
63,3,6.26530121273771,0,2025,12,9,1,10.0,0
53,3,6.785508545834475,0,2025,12,8,0,14.0,0
56,3,8.20445584061881,0,2025,12,8,0,10.0,0
22,3,6.012271571788975,0,2025,12,6,5,18.0,0
25,3,8.570179302181305,0,2025,12,6,5,15.0,0
83,1,7.909897048245564,0,2025,12,5,4,19.0,0
57,3,6.8860718841509785,0,2025,12,5,4,19.0,0
50,3,6.160151912626133,0,2025,12,5,4,19.0,0
15,3,6.447305862541213,0,2025,12,5,4,19.0,0
53,3,7.864004913019473,0,2025,12,5,4,18.0,0
86,3,7.008143453013405,0,2025,12,5,4,11.0,0
81,3,6.852242569051878,0,2025,12,4,3,19.0,0
92,3,5.469114437490037,0,2025,12,4,3,19.0,0
92,3,5.390440655423842,0,2025,12,4,3,19.0,0
92,3,6.664536563236877,0,2025,12,4,3,19.0,0
92,3,7.502324446180987,0,2025,12,4,3,19.0,0
92,3,6.500764006877926,0,2025,12,4,3,19.0,0
92,3,7.893012215321015,0,2025,12,4,3,19.0,0
92,3,5.983936280687191,0,2025,12,4,3,19.0,0
93,3,8.570179302181305,0,2025,12,4,3,13.0,0
45,3,6.932203959384447,0,2025,12,4,3,13.0,0
20,3,6.564912795353081,0,2025,12,4,3,13.0,0
18,1,7.491254990237552,0,2025,12,4,3,13.0,0
30,1,6.816790643608043,0,2025,12,4,3,10.0,0
83,1,7.451369435247705,0,2025,12,3,2,17.0,0
68,3,7.826451116270136,0,2025,12,3,2,16.0,0
3,3,6.4039383700267045,0,2025,12,3,2,16.0,0
82,1,7.362645270417825,0,2025,12,3,2,16.0,0
23,3,8.460834457746854,0,2025,12,3,2,16.0,0
74,3,7.698936199813447,0,2025,12,3,2,16.0,0
67,1,8.570179302181305,0,2025,12,3,2,16.0,0
42,3,5.72194977861165,0,2025,12,3,2,16.0,0
42,3,6.160151912626133,0,2025,12,3,2,16.0,0
61,1,5.978252653135751,0,2025,12,3,2,14.0,0
79,3,7.094019055008715,0,2025,12,3,2,13.0,0
77,3,6.852242569051878,0,2025,11,28,4,14.0,0
72,3,6.932203959384447,0,2025,11,28,4,14.0,0
10,3,6.622403821868638,0,2025,11,28,4,14.0,0
46,3,6.852242569051878,0,2025,11,28,4,14.0,0
49,3,6.487394783357272,0,2025,11,28,4,14.0,0
89,1,0.0,0,2025,11,28,4,14.0,0
53,3,8.369470143366952,0,2025,11,28,4,10.0,0
22,0,6.550765999931014,0,2025,11,27,3,17.0,0
27,0,6.947302861784636,0,2025,11,27,3,13.0,0
26,0,3.713572066704308,0,2025,11,27,3,13.0,0
26,0,5.39367299986479,0,2025,11,27,3,13.0,0
27,0,6.257111877948915,0,2025,11,27,3,13.0,0
18,1,7.487733761436444,0,2025,11,27,3,12.0,0
84,3,5.372960909543803,0,2025,11,26,2,13.0,0
14,1,7.075174681523985,0,2025,11,26,2,13.0,0
14,1,6.3992436425478765,0,2025,11,26,2,13.0,0
70,3,7.13966033596492,0,2025,11,26,2,13.0,0
89,1,8.570179302181305,0,2025,11,26,2,12.0,0
89,1,8.570179302181305,0,2025,11,26,2,11.0,0
19,1,8.570179302181305,0,2025,11,25,1,11.0,0
22,0,5.351858133476067,0,2025,11,25,1,10.0,0
70,1,7.362645270417825,0,2025,11,25,1,10.0,0
40,3,8.570179302181305,0,2025,11,25,1,10.0,0
83,1,8.570179302181305,0,2025,11,25,1,10.0,0
77,0,7.326695850491725,0,2025,11,25,1,10.0,0
87,1,6.212586055470553,0,2025,11,24,0,13.0,0
67,1,8.570179302181305,0,2025,11,24,0,13.0,0
25,3,8.570179302181305,0,2025,11,22,5,15.0,0
22,3,6.214608098422191,0,2025,11,22,5,13.0,0
39,3,6.037632227952989,0,2025,11,22,5,12.0,0
84,3,5.509793112994564,0,2025,11,21,4,10.0,0
80,1,6.447305862541213,0,2025,11,20,3,17.0,0
83,3,7.717631606719707,0,2025,11,20,3,17.0,0
22,0,5.017213609456379,0,2025,11,20,3,10.0,0
87,1,6.803460861506308,0,2025,11,19,2,18.0,0
65,3,8.570179302181305,0,2025,11,19,2,18.0,0
63,0,6.447305862541213,0,2025,11,18,1,19.0,0
70,3,8.39423428401579,0,2025,11,18,1,15.0,0
57,3,6.8860718841509785,0,2025,11,18,1,11.0,0
57,3,6.649955581012225,0,2025,11,18,1,11.0,0
19,1,8.570179302181305,0,2025,11,17,0,19.0,0
19,1,8.570179302181305,0,2025,11,17,0,19.0,0
53,3,8.156467195894285,0,2025,11,17,0,15.0,0
22,3,5.981414211254481,0,2025,11,17,0,15.0,0
10,3,6.937314081223682,0,2025,11,17,0,14.0,0
90,3,6.521062856197256,0,2025,11,17,0,13.0,0
14,3,6.564912795353081,0,2025,11,17,0,13.0,0
46,3,7.074023670453844,0,2025,11,17,0,13.0,0
25,3,8.570179302181305,0,2025,11,17,0,12.0,0
84,3,6.635290172335217,0,2025,11,17,0,12.0,0
25,1,8.570179302181305,0,2025,11,15,5,16.0,0
27,0,5.5909869805108565,0,2025,11,14,4,20.0,0
26,0,4.310664888188185,0,2025,11,14,4,19.0,0
26,0,5.279338399950234,0,2025,11,14,4,19.0,0
26,0,4.487512142519859,0,2025,11,14,4,19.0,0
26,0,3.8918202981106265,0,2025,11,14,4,19.0,0
81,1,7.2423328647425524,0,2025,11,14,4,10.0,0
93,1,8.570179302181305,0,2025,11,14,4,10.0,0
27,0,5.8082926288591885,0,2025,11,12,2,20.0,0
27,3,5.728247419055714,0,2025,11,12,2,19.0,0
0,3,8.468800948065814,0,2025,11,12,2,18.0,0
86,0,6.357720941990865,0,2025,11,12,2,18.0,0
92,3,8.107991109511163,0,2025,11,12,2,12.0,0
92,3,8.570179302181305,0,2025,11,12,2,12.0,0
79,3,6.852242569051878,0,2025,11,12,2,12.0,0
26,0,3.912023005428146,0,2025,11,11,1,20.0,0
64,3,5.755742213586912,0,2025,11,11,1,20.0,0
26,3,4.394449154672439,0,2025,11,11,1,20.0,0
26,3,3.9889840465642745,0,2025,11,11,1,20.0,0
26,3,3.5263605246161616,0,2025,11,11,1,20.0,0
29,1,8.570179302181305,0,2025,11,11,1,19.0,0
73,0,5.53338948872752,0,2025,11,11,1,19.0,0
26,0,5.065754593317335,0,2025,11,11,1,19.0,0
26,0,5.184588601219693,0,2025,11,11,1,19.0,0
33,0,4.48874872297084,0,2025,11,11,1,18.0,0
27,0,5.700042155040478,0,2025,11,11,1,18.0,0
27,1,4.983195578337474,0,2025,11,11,1,18.0,0
27,3,7.335118855791418,0,2025,11,11,1,18.0,0
27,3,4.539777967221039,0,2025,11,11,1,18.0,0
27,3,5.613602446425789,0,2025,11,11,1,18.0,0
27,3,6.754184431019888,0,2025,11,11,1,18.0,0
83,3,8.070793582459219,0,2025,11,11,1,17.0,0
53,0,6.160151912626133,0,2025,11,11,1,13.0,0
22,3,4.753503980493785,0,2025,11,11,1,12.0,0
27,0,4.852030263919617,0,2025,11,10,0,21.0,0
27,0,5.883322388488279,0,2025,11,10,0,21.0,0
27,0,4.759263721325492,0,2025,11,10,0,21.0,0
27,0,4.976319863681136,0,2025,11,10,0,21.0,0
27,0,3.7880458256084353,0,2025,11,10,0,21.0,0
27,0,6.203284224690749,0,2025,11,10,0,21.0,0
27,0,5.2413765760852264,0,2025,11,10,0,20.0,0
25,1,8.570179302181305,0,2025,11,10,0,20.0,0
27,0,4.75763372911456,0,2025,11,10,0,20.0,0
27,0,4.969466017058185,0,2025,11,10,0,19.0,0
27,0,4.497028027368389,0,2025,11,10,0,19.0,0
27,0,4.859347179882474,0,2025,11,10,0,19.0,0
27,0,4.5958266709849385,0,2025,11,10,0,19.0,0
27,0,5.388843393247408,0,2025,11,10,0,19.0,0
27,0,4.874739203012945,0,2025,11,10,0,19.0,0
27,0,5.284421261355925,0,2025,11,10,0,19.0,0
27,0,5.942615631212701,0,2025,11,10,0,19.0,0
27,3,5.860586773377589,0,2025,11,10,0,19.0,0
27,3,5.023551519362802,0,2025,11,10,0,19.0,0
27,3,4.859347179882474,0,2025,11,10,0,19.0,0
27,3,5.746810035126719,0,2025,11,10,0,19.0,0
26,0,4.310664888188185,0,2025,11,10,0,19.0,0
26,0,4.189654742026425,0,2025,11,10,0,19.0,0
12,3,6.033661595807771,0,2025,11,10,0,11.0,0
57,3,6.245137303457015,0,2025,11,10,0,10.0,0
70,3,7.214335157738313,0,2025,11,10,0,10.0,0
53,3,8.03335672814647,0,2025,11,8,5,16.0,0
53,3,7.792955676417808,0,2025,11,8,5,16.0,0
22,3,6.718735338020089,0,2025,11,7,4,10.0,0
35,3,8.570179302181305,0,2025,11,7,4,10.0,0
26,3,4.204692619390966,0,2025,11,6,3,19.0,0
36,0,8.570179302181305,0,2025,11,6,3,12.0,0
79,3,7.450933855963938,0,2025,11,5,2,19.0,0
43,0,7.950149887652018,0,2025,11,5,2,18.0,0
26,3,4.663439094112067,0,2025,11,5,2,16.0,0
92,3,6.37038031998261,0,2025,11,5,2,10.0,0
92,3,5.844094990075883,0,2025,11,5,2,10.0,0
22,3,5.351858133476067,0,2025,11,4,1,20.0,0
63,0,6.447305862541213,0,2025,11,4,1,20.0,0
67,0,8.570179302181305,0,2025,11,4,1,20.0,0
58,3,7.199536438684836,0,2025,11,4,1,20.0,0
8,3,6.698218731074144,0,2025,11,4,1,20.0,0
76,3,6.001489132629946,0,2025,11,4,1,20.0,0
81,3,7.927216129344809,0,2025,11,4,1,20.0,0
75,3,8.233569539091958,0,2025,11,4,1,20.0,0
56,0,7.153825982939989,0,2025,11,4,1,19.0,0
66,0,8.222945613122292,0,2025,11,4,1,15.0,0
39,0,5.862778539479937,0,2025,11,4,1,13.0,0
91,0,7.1586307220342364,0,2025,11,4,1,10.0,0
46,0,6.993932975223189,0,2025,11,4,1,10.0,0
57,0,6.507053806722995,0,2025,11,4,1,10.0,0
45,0,7.400009517162692,0,2025,11,4,1,10.0,0
24,3,7.431329295570294,0,2025,11,3,0,16.0,0
25,1,8.570179302181305,0,2025,11,3,0,1.5,0
29,1,8.570179302181305,0,2025,11,3,0,1.5,0
29,1,8.570179302181305,0,2025,11,2,6,22.0,0
25,1,8.570179302181305,0,2025,11,1,5,20.0,0
27,0,5.626757431471986,0,2025,10,31,4,22.0,0
27,0,7.677312422936835,0,2025,10,31,4,21.0,0
34,3,4.875197323201151,0,2025,10,31,4,21.0,0
27,3,7.235100274490294,0,2025,10,31,4,20.0,0
14,3,7.123318169555893,0,2025,10,31,4,20.0,0
22,0,6.923628628138427,0,2025,10,31,4,20.0,0
25,1,8.570179302181305,0,2025,10,31,4,20.0,0
25,1,8.570179302181305,0,2025,10,31,4,19.0,0
25,1,8.570179302181305,0,2025,10,31,4,19.0,0
27,3,6.8056561060266825,0,2025,10,31,4,14.0,0
25,1,8.570179302181305,0,2025,10,30,3,20.0,0
25,1,8.570179302181305,0,2025,10,30,3,18.0,0
53,0,8.570179302181305,0,2025,10,29,2,19.0,0
27,0,6.153009252203234,0,2025,10,28,1,21.0,0
25,1,8.570179302181305,0,2025,10,28,1,21.0,0
25,1,8.570179302181305,0,2025,10,28,1,21.0,0
25,1,8.570179302181305,0,2025,10,28,1,20.0,0
25,1,8.570179302181305,0,2025,10,28,1,20.0,0
23,0,7.362645270417825,0,2025,10,28,1,20.0,0
27,0,7.632449575040212,0,2025,10,28,1,19.0,0
27,0,7.17237852848212,0,2025,10,28,1,19.0,0
72,1,7.287656394959027,0,2025,10,28,1,19.0,0
25,1,8.570179302181305,0,2025,10,28,1,18.0,0
51,3,6.2726128207087655,0,2025,10,28,1,17.0,0
22,0,8.570179302181305,0,2025,10,27,0,22.0,0
25,1,8.570179302181305,0,2025,10,27,0,21.0,0
25,1,8.570179302181305,0,2025,10,27,0,20.0,0
25,1,8.570179302181305,0,2025,10,27,0,20.0,0
25,1,8.570179302181305,0,2025,10,27,0,20.0,0
27,0,7.140334177082832,0,2025,10,27,0,20.0,0
25,1,8.570179302181305,0,2025,10,27,0,20.0,0
25,1,8.570179302181305,0,2025,10,27,0,20.0,0
27,0,6.760252453126343,0,2025,10,27,0,20.0,0
25,1,8.570179302181305,0,2025,10,27,0,19.0,0
27,0,5.050496827521386,0,2025,10,27,0,19.0,0
27,0,7.4557726358358645,0,2025,10,27,0,19.0,0
26,0,4.343155860284888,0,2025,10,27,0,19.0,0
74,3,8.055475141757274,0,2025,10,27,0,19.0,0
74,3,8.055475141757274,0,2025,10,27,0,19.0,0
22,0,7.80710329012598,0,2025,10,27,0,18.0,0
83,0,5.247024072160486,0,2025,10,27,0,18.0,0
26,0,4.6913478822291435,0,2025,10,27,0,18.0,0
53,3,7.580811990823535,0,2025,10,27,0,17.0,0
28,3,3.5553480614894135,0,2025,10,27,0,16.0,0
28,3,4.753503980493785,0,2025,10,27,0,16.0,0
28,3,4.59511985013459,0,2025,10,27,0,16.0,0
22,0,5.065754593317335,0,2025,10,27,0,14.0,0
71,3,6.111422992621366,0,2025,10,27,0,10.0,0
2,3,6.13969056789527,0,2025,10,27,0,10.0,0
47,3,8.570179302181305,0,2025,10,25,5,17.0,0
39,3,5.909440711629391,0,2025,10,25,5,14.0,0
29,1,8.570179302181305,0,2025,10,24,4,21.0,0
41,3,6.0891809206140515,0,2025,10,24,4,19.0,0
47,3,8.570179302181305,0,2025,10,24,4,18.0,0
47,3,7.337763394994515,0,2025,10,24,4,18.0,0
47,3,7.207333807159,0,2025,10,24,4,18.0,0
87,3,6.229910418430634,0,2025,10,24,4,18.0,0
67,3,8.570179302181305,0,2025,10,24,4,18.0,0
19,3,8.570179302181305,0,2025,10,24,4,17.0,0
18,3,8.570179302181305,0,2025,10,24,4,17.0,0
46,3,6.943788224290453,0,2025,10,24,4,17.0,0
87,3,6.311716660167896,0,2025,10,24,4,16.0,0
70,3,7.90625252964727,0,2025,10,24,4,16.0,0
15,3,7.167061024792454,0,2025,10,24,4,16.0,0
63,3,6.447305862541213,0,2025,10,24,4,16.0,0
27,0,6.049120059596144,0,2025,10,24,4,16.0,0
57,3,6.832061434612937,0,2025,10,24,4,16.0,0
40,3,8.570179302181305,0,2025,10,24,4,16.0,0
84,3,5.334311726771412,0,2025,10,24,4,15.0,0
31,3,6.670132406403093,0,2025,10,24,4,15.0,0
65,3,8.570179302181305,0,2025,10,24,4,15.0,0
57,3,6.714413218904717,0,2025,10,24,4,15.0,0
12,3,6.670132406403093,0,2025,10,24,4,14.0,0
71,3,8.570179302181305,0,2025,10,24,4,14.0,0
26,0,4.858648937098374,0,2025,10,24,4,12.0,0
26,0,4.2626798770413155,0,2025,10,24,4,12.0,0
26,0,3.784189633918261,0,2025,10,24,4,12.0,0
49,3,7.93817080775378,0,2025,10,24,4,12.0,0
26,1,3.8501476017100584,0,2025,10,24,4,12.0,0
26,1,4.110709916308365,0,2025,10,24,4,12.0,0
16,3,7.9322293386285345,0,2025,10,24,4,12.0,0
92,0,7.237166933971541,0,2025,10,23,3,22.0,0
92,0,7.434924613707904,0,2025,10,23,3,22.0,0
92,0,8.570179302181305,0,2025,10,23,3,22.0,0
26,0,5.184588601219693,0,2025,10,23,3,22.0,0
26,3,5.501258210544727,0,2025,10,23,3,21.0,0
26,3,6.0626450240403456,0,2025,10,23,3,21.0,0
26,3,3.4343097331123578,0,2025,10,23,3,21.0,0
26,3,4.7535901911063645,0,2025,10,23,3,21.0,0
26,3,6.685823493183451,0,2025,10,23,3,21.0,0
26,3,4.934401988096667,0,2025,10,23,3,21.0,0
26,3,4.393213824064446,0,2025,10,23,3,21.0,0
26,3,4.5591262474866845,0,2025,10,23,3,21.0,0
26,3,4.110709916308365,0,2025,10,23,3,21.0,0
26,3,4.753503980493785,0,2025,10,23,3,21.0,0
26,3,6.376709940951288,0,2025,10,23,3,21.0,0
26,3,4.2626798770413155,0,2025,10,23,3,21.0,0
26,3,4.990364557253896,0,2025,10,23,3,20.0,0
26,3,5.2832037287379885,0,2025,10,23,3,20.0,0
26,3,4.7535901911063645,0,2025,10,23,3,20.0,0
26,3,4.289225803818339,0,2025,10,23,3,20.0,0
26,0,3.8649313978942956,0,2025,10,23,3,20.0,0
27,0,7.286972231937349,0,2025,10,23,3,19.0,0
27,0,6.663554063141892,0,2025,10,23,3,19.0,0
27,0,4.5388166854380705,0,2025,10,23,3,19.0,0
27,0,7.178842922361983,0,2025,10,23,3,19.0,0
27,0,7.433122657063978,0,2025,10,23,3,19.0,0
27,0,6.901324646716329,0,2025,10,23,3,19.0,0
27,3,7.217648839799137,0,2025,10,23,3,19.0,0
27,3,8.22529691834825,0,2025,10,23,3,19.0,0
26,3,4.659563669818423,0,2025,10,23,3,12.0,0
53,3,8.204067491099366,0,2025,10,23,3,11.0,0
31,3,5.426270730858498,0,2025,10,22,2,22.0,0
31,3,5.322082720098298,0,2025,10,22,2,22.0,0
75,3,8.436546968330573,0,2025,10,22,2,22.0,0
27,0,7.595864791774743,0,2025,10,22,2,22.0,0
27,3,7.271648111179342,0,2025,10,22,2,22.0,0
27,0,7.307859375848124,0,2025,10,22,2,22.0,0
27,0,6.211081888645634,0,2025,10,22,2,22.0,0
27,0,7.151234648754185,0,2025,10,22,2,22.0,0
27,0,7.829129070193418,0,2025,10,22,2,22.0,0
27,0,7.730943392593968,0,2025,10,22,2,21.0,0
27,0,7.479401270111035,0,2025,10,22,2,20.0,0
50,3,6.314000842300227,0,2025,10,22,2,20.0,0
27,0,6.205930557228504,0,2025,10,22,2,20.0,0
27,0,6.205829680610609,0,2025,10,22,2,20.0,0
82,3,8.570179302181305,0,2025,10,22,2,20.0,0
84,3,5.872117789475416,0,2025,10,22,2,20.0,0
1,3,7.200596520007235,0,2025,10,22,2,20.0,0
84,3,5.541655625147766,0,2025,10,22,2,20.0,0
80,3,6.160151912626133,0,2025,10,22,2,20.0,0
83,3,8.348130545489202,0,2025,10,22,2,20.0,0
62,3,7.13966033596492,0,2025,10,22,2,19.0,0
27,0,6.420320608006722,0,2025,10,22,2,19.0,0
84,3,5.363589993164233,0,2025,10,22,2,19.0,0
20,3,7.429568319404237,0,2025,10,22,2,19.0,0
0,3,7.587259820500924,0,2025,10,22,2,19.0,0
27,0,7.1405560488893824,0,2025,10,22,2,19.0,0
27,0,7.501225760352554,0,2025,10,22,2,19.0,0
78,3,7.33532754645392,0,2025,10,22,2,19.0,0
14,3,7.529347379829858,0,2025,10,22,2,19.0,0
53,3,8.570179302181305,0,2025,10,22,2,19.0,0
56,3,7.518894906156175,0,2025,10,22,2,19.0,0
90,3,6.662110462321414,0,2025,10,22,2,19.0,0
84,3,5.384449190177324,0,2025,10,22,2,18.0,0
31,3,5.602081919829862,0,2025,10,22,2,18.0,0
63,3,6.525777178966427,0,2025,10,22,2,18.0,0
9,0,7.01571242048723,0,2025,10,22,2,11.0,0
21,3,7.941224419318043,0,2025,10,21,1,20.0,0
84,3,6.511745329644728,0,2025,10,21,1,20.0,0
2,3,6.609025740711332,0,2025,10,21,1,20.0,0
3,3,6.873981305374924,0,2025,10,21,1,20.0,0
13,3,6.580597527542715,0,2025,10,21,1,19.0,0
47,3,7.889773824505082,0,2025,10,21,1,19.0,0
47,3,8.570179302181305,0,2025,10,21,1,15.0,0
47,3,6.972203171013015,0,2025,10,21,1,14.0,0
47,3,6.903425920820908,0,2025,10,21,1,14.0,0
47,3,7.340083001246871,0,2025,10,21,1,14.0,0
22,1,1.6882490928583902,0,2025,10,20,0,20.0,0
27,0,7.332800767469243,0,2025,10,17,4,21.0,0
27,0,5.087287645617338,0,2025,10,17,4,21.0,0
27,0,8.026549208079194,0,2025,10,17,4,21.0,0
27,0,6.7539745307217585,0,2025,10,17,4,21.0,0
27,0,6.814048812541829,0,2025,10,17,4,20.0,0
27,0,7.610412099245763,0,2025,10,17,4,20.0,0
27,0,7.092049888027705,0,2025,10,17,4,19.0,0
84,3,6.21802226352198,0,2025,10,14,1,20.0,0
81,3,8.099545172101037,0,2025,10,14,1,20.0,0
52,3,7.274652793941043,0,2025,10,14,1,20.0,0
12,3,7.751341975798444,0,2025,10,14,1,20.0,0
31,3,6.266118369268647,0,2025,10,14,1,20.0,0
31,3,5.065754593317335,0,2025,10,14,1,19.0,0
44,3,7.83241092718792,0,2025,10,14,1,14.0,0
22,3,7.281667798577195,0,2025,10,14,1,12.0,0
39,1,5.322082720098298,0,2025,10,13,0,20.0,0
70,1,8.045428011550841,0,2025,10,13,0,20.0,0
57,1,7.629975707027789,0,2025,10,13,0,19.0,0
10,1,6.47520156518324,0,2025,10,13,0,19.0,0
58,3,7.00882158771694,0,2025,10,13,0,18.0,0
71,3,6.481332076282495,0,2025,10,13,0,17.0,0
84,3,5.2390980068880655,0,2025,10,13,0,17.0,0
29,0,8.570179302181305,0,2025,10,13,0,17.0,0
96,1,0.0,1,2026,3,6,4,12.0,0
29,2,6.22455842927536,1,2026,3,6,4,12.0,0
29,2,5.953243334287785,1,2026,3,6,4,11.0,0
29,2,5.53338948872752,1,2026,3,6,4,10.0,0
29,2,4.789157022101107,1,2026,3,6,4,6.0,0
29,2,4.950460571060185,1,2026,3,6,4,2.0,0
96,1,0.0,1,2026,3,5,3,16.0,0
27,1,0.0,1,2026,3,5,3,16.0,0
96,1,5.993961427306569,1,2026,3,5,3,16.0,0
95,1,2.997730276216664,1,2026,3,5,3,15.0,0
98,1,0.6678293725756554,1,2026,3,5,3,15.0,0
96,1,0.0,1,2026,3,5,3,15.0,0
98,1,4.394449154672439,1,2026,3,5,3,14.0,0
98,1,0.0,1,2026,3,5,3,14.0,0
26,1,0.0,1,2026,3,5,3,14.0,0
98,1,0.0,1,2026,3,5,3,14.0,0
98,1,2.8791984572980396,1,2026,3,5,3,14.0,0
98,1,0.0,1,2026,3,5,3,14.0,0
95,1,0.0,1,2026,3,5,3,12.0,0
96,1,6.042632833682381,1,2026,3,5,3,12.0,0
96,1,0.0,1,2026,3,5,3,12.0,0
26,1,0.0,1,2026,3,5,3,12.0,0
29,1,0.0,1,2026,3,5,3,11.0,0
29,1,0.0,1,2026,3,5,3,11.0,0
27,1,0.6678293725756554,1,2026,3,5,3,10.0,0
29,2,4.6913478822291435,1,2026,3,5,3,10.0,0
29,2,5.346154695962197,1,2026,3,5,3,10.0,0
29,2,6.9167150203536085,1,2026,3,5,3,9.0,0
29,2,5.953243334287785,1,2026,3,5,3,8.0,0
29,2,5.178407069875479,1,2026,3,4,2,11.0,0
29,2,6.083587835983788,1,2026,3,3,1,22.0,0
29,2,5.459585514144159,1,2026,3,3,1,10.0,0
29,2,5.53338948872752,1,2026,3,3,1,1.5,0
29,2,5.157905212831292,1,2026,3,2,0,12.0,0
29,2,4.9890711161804155,1,2026,3,1,6,16.0,0
29,2,5.3230099791384085,1,2026,3,1,6,15.0,0
29,2,5.840089179204041,1,2026,2,27,4,17.0,0
29,2,6.463013856174954,1,2026,2,27,4,16.0,0
29,2,4.8629083820668,1,2026,2,27,4,15.0,0
0,1,4.366976446627504,1,2026,2,27,4,15.0,0
26,1,4.51085950651685,1,2026,2,27,4,14.0,0
29,1,0.7153977894947651,1,2026,2,27,4,14.0,0
0,1,2.7183305105097664,1,2026,2,27,4,14.0,0
27,1,4.465333240800292,1,2026,2,27,4,14.0,0
0,1,0.6151856390902334,1,2026,2,27,4,13.0,0
0,1,0.6678293725756554,1,2026,2,27,4,13.0,0
0,1,4.747450693244862,1,2026,2,27,4,13.0,0
0,1,0.0,1,2026,2,27,4,13.0,0
0,1,8.204748370581294,1,2026,2,27,4,13.0,0
0,1,0.0,1,2026,2,27,4,13.0,0
0,1,0.6931471805599453,1,2026,2,27,4,13.0,0
29,2,4.6913478822291435,1,2026,2,27,4,11.0,0
29,1,0.0,1,2026,2,27,4,11.0,0
29,1,0.0,1,2026,2,27,4,10.0,0
29,2,5.717685379825192,1,2026,2,27,4,9.0,0
29,2,5.831882477283517,1,2026,2,26,3,17.0,0
29,2,5.915123313851259,1,2026,2,26,3,13.0,0
29,1,4.3499165807556475,1,2026,2,26,3,13.0,0
29,1,0.0,1,2026,2,26,3,13.0,0
29,1,4.709530201312334,1,2026,2,26,3,12.0,0
29,2,4.893352133481524,1,2026,2,26,3,12.0,0
29,1,0.0,1,2026,2,26,3,11.0,0
97,1,0.0,1,2026,2,26,3,11.0,0
97,1,0.0,1,2026,2,26,3,11.0,0
96,1,0.0,1,2026,2,26,3,11.0,0
96,1,0.6931471805599453,1,2026,2,26,3,11.0,0
25,1,4.25589635752967,1,2026,2,26,3,10.0,0
0,1,4.25589635752967,1,2026,2,26,3,10.0,0
27,1,0.7178397931503169,1,2026,2,26,3,9.0,0
29,1,0.7178397931503169,1,2026,2,26,3,9.0,0
29,1,1.9878743481543455,1,2026,2,26,3,9.0,0
29,2,6.29340079438729,1,2026,2,25,2,10.0,0
29,2,5.374352052824034,1,2026,2,25,2,9.0,0
29,2,4.669083511731744,1,2026,2,25,2,8.0,0
29,2,5.552184090505087,1,2026,2,25,2,7.0,0
29,2,4.750827758410455,1,2026,2,24,1,12.0,0
29,2,4.982235819574558,1,2026,2,24,1,10.0,0
29,1,0.0,1,2026,2,24,1,10.0,0
29,1,0.0,1,2026,2,24,1,10.0,0
29,1,0.0,1,2026,2,24,1,10.0,0
27,1,0.0,1,2026,2,24,1,9.0,0
29,1,0.6931471805599453,1,2026,2,24,1,9.0,0
29,1,8.007000700512663,1,2026,2,24,1,9.0,0
27,1,2.6100697927420065,1,2026,2,24,1,9.0,0
27,1,8.570179302181305,1,2026,2,24,1,9.0,0
26,1,0.0,1,2026,2,24,1,8.0,0
29,1,0.0,1,2026,2,24,1,8.0,0
29,1,0.0,1,2026,2,24,1,8.0,0
29,2,5.417876601605676,1,2026,2,24,1,8.0,0
29,2,4.6913478822291435,1,2026,2,24,1,8.0,0
29,2,4.94306997460049,1,2026,2,24,1,7.0,0
29,2,5.950121583573599,1,2026,2,24,1,6.0,0
29,2,5.0912931971137105,1,2026,2,24,1,1.5,0
29,2,5.1707112419428904,1,2026,2,24,1,1.5,0
29,2,4.981892825230601,1,2026,2,23,0,20.0,0
29,2,4.628789051586725,1,2026,2,23,0,20.0,0
29,2,5.864199196062105,1,2026,2,23,0,19.0,0
29,2,4.161379963558259,1,2026,2,23,0,18.0,0
27,1,0.0,1,2026,2,23,0,18.0,0
29,2,5.006627272698717,1,2026,2,23,0,18.0,0
27,1,2.1962240770026358,1,2026,2,23,0,17.0,0
27,1,5.9557933270442005,1,2026,2,23,0,17.0,0
29,2,5.081342251254203,1,2026,2,23,0,17.0,0
29,2,4.982235819574558,1,2026,2,23,0,17.0,0
29,2,4.789157022101107,1,2026,2,23,0,16.0,0
29,1,0.0,1,2026,2,23,0,16.0,0
29,2,4.971201224850849,1,2026,2,23,0,16.0,0
29,2,4.73215519774258,1,2026,2,23,0,16.0,0
29,1,2.152924318439639,1,2026,2,23,0,15.0,0
29,1,2.152924318439639,1,2026,2,23,0,15.0,0
92,1,0.0,1,2026,2,23,0,15.0,0
29,2,4.931592086755803,1,2026,2,23,0,15.0,0
29,1,0.0,1,2026,2,23,0,15.0,0
27,1,0.0,1,2026,2,23,0,15.0,0
29,1,0.0,1,2026,2,23,0,14.0,0
27,1,0.0,1,2026,2,23,0,14.0,0
29,2,5.915123313851259,1,2026,2,23,0,14.0,0
29,2,4.680277658474897,1,2026,2,23,0,13.0,0
29,2,5.717685379825192,1,2026,2,23,0,12.0,0
29,2,5.569107571329599,1,2026,2,23,0,11.0,0
29,2,4.720282993088596,1,2026,2,23,0,11.0,0
29,2,4.634728988229636,1,2026,2,23,0,11.0,0
29,2,5.178407069875479,1,2026,2,23,0,10.0,0
29,2,4.884315927417586,1,2026,2,23,0,9.0,0
29,2,4.848273215041905,1,2026,2,23,0,7.0,0
29,2,6.693323668269949,1,2026,2,22,6,21.0,0
29,2,5.315174483614459,1,2026,2,22,6,19.0,0
29,2,5.915123313851259,1,2026,2,22,6,19.0,0
29,2,4.850466541943434,1,2026,2,22,6,17.0,0
29,2,4.890349128221754,1,2026,2,22,6,16.0,0
29,2,5.484796933490655,1,2026,2,22,6,16.0,0
29,2,4.669083511731744,1,2026,2,22,6,15.0,0
29,2,6.270988431858299,1,2026,2,22,6,13.0,0
29,2,4.789157022101107,1,2026,2,22,6,13.0,0
29,2,5.6722918075648305,1,2026,2,22,6,12.0,0
29,2,5.8706519268912345,1,2026,2,22,6,11.0,0
29,2,5.478135793123873,1,2026,2,22,6,11.0,0
29,2,5.071416766356115,1,2026,2,22,6,10.0,0
29,2,5.915123313851259,1,2026,2,22,6,10.0,0
29,2,5.478135793123873,1,2026,2,22,6,8.0,0
29,2,5.153118169055832,1,2026,2,22,6,2.0,0
29,2,5.346154695962197,1,2026,2,21,5,22.0,0
29,2,3.339321977944068,1,2026,2,21,5,20.0,0
29,2,5.53338948872752,1,2026,2,21,5,19.0,0
29,2,4.364371699435161,1,2026,2,21,5,16.0,0
29,2,5.051073214869631,1,2026,2,21,5,16.0,0
29,2,5.9707515055104405,1,2026,2,21,5,14.0,0
29,2,4.6297652328434715,1,2026,2,21,5,12.0,0
29,2,4.578826210648489,1,2026,2,20,4,20.0,0
29,2,4.722063937459591,1,2026,2,20,4,9.0,0
36,0,0.0,1,2026,1,27,1,11.0,0
55,0,8.368053071077226,1,2026,1,27,1,10.0,0
29,0,4.679163865896418,1,2026,1,27,1,9.0,0
29,0,6.180223671560361,1,2026,1,27,1,9.0,0
29,0,6.378307331088052,1,2026,1,27,1,8.0,0
29,0,5.440250862436703,1,2026,1,27,1,8.0,0
29,0,5.216022123821206,1,2026,1,27,1,6.0,0
29,0,4.785823685681349,1,2026,1,26,0,22.0,0
29,0,4.663439094112067,1,2026,1,26,0,19.0,0
29,0,4.785823685681349,1,2026,1,26,0,19.0,0
29,0,4.663439094112067,1,2026,1,26,0,19.0,0
29,0,5.750029725821521,1,2026,1,26,0,15.0,0
29,0,5.011834574671738,1,2026,1,26,0,15.0,0
27,0,7.339353262816615,1,2026,1,26,0,15.0,0
29,0,6.647688373563329,1,2026,1,26,0,11.0,0
29,0,5.141546590598088,1,2026,1,26,0,8.0,0
29,0,4.679163865896418,1,2026,1,25,6,22.0,0
29,0,4.8283137373023015,1,2026,1,25,6,22.0,0
29,0,5.90454407507728,1,2026,1,25,6,20.0,0
29,0,5.922650231107622,1,2026,1,25,6,20.0,0
29,0,5.634789603169249,1,2026,1,25,6,20.0,0
29,2,5.141605075260502,1,2026,1,25,6,19.0,0
29,0,5.718539715631108,1,2026,1,25,6,18.0,0
29,0,5.841222883777439,1,2026,1,25,6,16.0,0
29,0,4.720550337028165,1,2026,1,25,6,15.0,0
29,0,5.783825182329737,1,2026,1,25,6,15.0,0
29,0,5.504884281457445,1,2026,1,25,6,14.0,0
29,0,6.193997144518067,1,2026,1,25,6,13.0,0
29,0,5.7984864101254985,1,2026,1,25,6,12.0,0
29,0,6.61445746774472,1,2026,1,25,6,11.0,0
29,0,5.394990253808298,1,2026,1,25,6,10.0,0
29,0,4.729244501090018,1,2026,1,25,6,8.0,0
29,0,5.904271335405605,1,2026,1,25,6,2.0,0
29,0,5.904271335405605,1,2026,1,24,5,23.0,0
29,0,5.076610283019789,1,2026,1,24,5,22.0,0
29,0,4.791068671272389,1,2026,1,24,5,22.0,0
29,0,5.063101233999558,1,2026,1,24,5,22.0,0
29,0,5.270689199430563,1,2026,1,24,5,20.0,0
29,0,5.829533679961761,1,2026,1,24,5,19.0,0
29,0,5.992963423231718,1,2026,1,24,5,17.0,0
29,0,5.095037715162604,1,2026,1,24,5,16.0,0
29,0,4.694828057918627,1,2026,1,24,5,15.0,0
29,0,5.5583712718823435,1,2026,1,24,5,14.0,0
27,0,8.026614540654693,1,2026,1,24,5,13.0,0
29,0,5.13167228913909,1,2026,1,24,5,13.0,0
29,0,4.609660091260944,1,2026,1,24,5,12.0,0
29,0,6.149514756733493,1,2026,1,24,5,12.0,0
29,0,5.046002437933547,1,2026,1,24,5,9.0,0
29,0,4.787491742782046,1,2026,1,24,5,7.0,0
29,0,6.018958111416905,1,2026,1,24,5,6.0,0
29,0,5.121580188047982,1,2026,1,24,5,1.5,0
29,0,5.729775054930455,1,2026,1,23,4,22.0,0
29,0,6.117965030717324,1,2026,1,23,4,21.0,0
29,0,6.684861696423135,1,2026,1,23,4,20.0,0
29,0,4.813971375586425,1,2026,1,23,4,19.0,0
29,0,5.434769489683537,1,2026,1,23,4,18.0,0
29,0,4.895748061551898,1,2026,1,23,4,17.0,0
29,0,6.088954168385239,1,2026,1,23,4,17.0,0
27,0,7.829906007488551,1,2026,1,23,4,17.0,0
29,0,4.679163865896418,1,2026,1,23,4,17.0,0
29,0,4.729156165769083,1,2026,1,23,4,16.0,0
29,0,6.165837934052762,1,2026,1,23,4,15.0,0
29,0,5.783825182329737,1,2026,1,23,4,13.0,0
29,0,5.796422425904647,1,2026,1,23,4,12.0,0
29,0,5.76472077276128,1,2026,1,23,4,11.0,0
29,0,5.409858741280944,1,2026,1,23,4,10.0,0
29,0,5.409858741280944,1,2026,1,23,4,9.0,0
29,0,4.620058798481842,1,2026,1,22,3,22.0,0
29,0,5.663654683565421,1,2026,1,22,3,21.0,0
29,0,4.912654885736052,1,2026,1,22,3,21.0,0
29,0,5.484672444414411,1,2026,1,22,3,19.0,0
29,0,5.5154428455366835,1,2026,1,22,3,17.0,0
29,0,8.570179302181305,1,2026,1,22,3,16.0,0
29,0,5.663654683565421,1,2026,1,22,3,16.0,0
27,0,8.570179302181305,1,2026,1,22,3,13.0,0
29,2,4.605170185988092,1,2026,1,22,3,9.0,0
29,0,8.553287869763903,1,2026,1,21,2,19.0,0
29,0,8.570179302181305,1,2026,1,16,4,16.0,0
29,0,8.105546013632258,1,2026,1,16,4,12.0,0
29,0,8.570179302181305,1,2026,1,16,4,12.0,0
29,0,8.228005986821152,1,2026,1,16,4,12.0,0
83,1,8.120715970963316,1,2026,1,14,2,19.0,0
39,0,5.8687317817256845,1,2026,1,14,2,16.0,0
15,0,7.178978646990645,1,2026,1,14,2,13.0,0
13,0,6.803455311854965,1,2026,1,14,2,10.0,0
81,0,7.13966033596492,1,2026,1,12,0,10.0,0
29,0,8.401708263087215,1,2026,1,10,5,14.0,0
46,0,5.907158598054726,1,2026,1,7,2,15.0,0
29,0,8.570179302181305,1,2026,1,7,2,14.0,0
29,0,8.570179302181305,1,2025,12,30,1,15.0,0
29,0,7.807286349040952,1,2025,12,27,5,10.0,0
29,0,8.301913637658814,1,2025,12,26,4,14.0,0
29,0,8.570179302181305,1,2025,12,26,4,14.0,0
29,0,7.8736434681245635,1,2025,12,25,3,16.0,0
89,1,8.570179302181305,1,2025,12,20,5,17.0,0
26,0,5.937457046276627,1,2025,12,18,3,17.0,0
85,0,8.570179302181305,1,2025,12,18,3,13.0,0
68,0,7.373907752036384,1,2025,12,16,1,11.0,0
70,1,8.398803721916016,1,2025,12,16,1,10.0,0
29,3,8.570179302181305,1,2025,12,12,4,20.0,0
29,3,8.570179302181305,1,2025,12,12,4,20.0,0
29,0,4.730656806029507,1,2025,12,12,4,19.0,0
29,3,8.570179302181305,1,2025,12,11,3,14.0,0
27,3,7.406947496317546,1,2025,12,9,1,18.0,0
88,0,8.570179302181305,1,2025,12,3,2,18.0,0
29,3,8.570179302181305,1,2025,11,27,3,13.0,0
93,1,8.570179302181305,1,2025,11,25,1,13.0,0
40,3,0.0,1,2025,11,25,1,10.0,0
39,0,6.037632227952989,1,2025,11,23,6,20.0,0
22,3,0.0,1,2025,11,21,4,17.0,0
22,3,7.131722490994724,1,2025,11,21,4,12.0,0
88,0,8.570179302181305,1,2025,11,16,6,15.0,0
22,3,7.53135943674965,1,2025,11,14,4,15.0,0
12,3,6.353917764622856,1,2025,11,10,0,10.0,0
43,1,6.670132406403093,1,2025,11,6,3,17.0,0
72,1,7.287656394959027,1,2025,11,5,2,19.0,0
72,1,7.287656394959027,1,2025,11,5,2,19.0,0
83,3,8.16204279904368,1,2025,11,5,2,19.0,0
43,0,7.950149887652018,1,2025,11,5,2,18.0,0
29,1,8.570179302181305,1,2025,11,2,6,22.0,0
38,1,0.0,1,2025,11,2,6,21.0,0
25,1,8.570179302181305,1,2025,10,30,3,17.0,0
27,0,7.664224616208243,1,2025,10,28,1,21.0,0
25,1,0.0,1,2025,10,28,1,20.0,0
92,0,6.332728854822283,1,2025,10,28,1,19.0,0
27,3,4.604469940873698,1,2025,10,28,1,18.0,0
25,1,8.570179302181305,1,2025,10,28,1,18.0,0
29,1,8.570179302181305,1,2025,10,24,4,21.0,0
80,3,7.450933855963938,1,2025,10,24,4,18.0,0
10,1,5.437644431769136,1,2025,10,22,2,23.0,0
10,1,1.6486586255873816,1,2025,10,22,2,23.0,0
36,0,8.570179302181305,1,2025,10,15,2,11.0,0
17,3,8.031030911519611,1,2025,10,14,1,20.0,0
31,1,5.630602277114688,1,2025,10,13,0,20.0,0
27,0,5.922034079889983,1,2025,10,13,0,19.0,0
47,3,0.0,1,2025,10,13,0,16.0,0
22,1,4.7535901911063645,1,2025,10,11,5,19.0,0
69,1,2.4414770918606643,1,2025,10,11,5,19.0,0
29,0,8.570179302181305,0,2025,10,11,5,19.0,0
18,1,8.570179302181305,2,2026,1,6,1,17.0,0
